국가명,기간,수입금액(천불),수입중량(톤),수출금액(천불),수출중량(톤),품목명
남아프리카공화국,2021,,,,,동
네덜란드,2021,0.0,0.0,0.0,0.0,동
독일,2021,,,,,동
러시아연방,2021,12.0,0.0,0.0,0.0,동
멕시코,2021,23815.0,10185.0,0.0,0.0,동
몬테네그로,2021,29452.0,22656.0,0.0,0.0,동
미국,2021,50841.0,25219.0,0.0,0.0,동
베트남,2021,,,,,동
브라질,2021,125083.0,43321.0,0.0,0.0,동
사우디아라비아,2021,,,,,동
스웨덴,2021,0.0,0.0,0.0,0.0,동
UAE,2021,63214.0,37527.0,0.0,0.0,동
아르메니아,2021,8748.0,7664.0,0.0,0.0,동
우즈베키스탄,2021,0.0,0.0,0.0,0.0,동
인도,2021,,,,,동
인도네시아,2021,793883.0,301262.0,17.0,246.0,동
일본,2021,0.0,0.0,12489.0,6434.0,동
조지아,2021,38.0,24.0,0.0,0.0,동
중국,2021,92.0,2.0,1172999.0,553578.0,동
칠레,2021,931692.0,382806.0,0.0,0.0,동
카타르,2021,47129.0,25079.0,0.0,0.0,동
캄보디아,2021,0.0,0.0,157.0,391.0,동
캐나다,2021,775225.0,214808.0,0.0,0.0,동
케냐,2021,,,,,동
콩고,2021,394.0,323.0,0.0,0.0,동
크로아티아,2021,10626.0,5593.0,0.0,0.0,동
탄자니아,2021,,,,,동
태국,2021,0.0,0.0,57.0,15.0,동
튀르키예,2021,1.0,0.0,0.0,0.0,동
파나마,2021,365082.0,142977.0,0.0,0.0,동
파키스탄,2021,,,,,동
파푸아뉴기니,2021,105195.0,29379.0,0.0,0.0,동
페루,2021,1288783.0,451931.0,0.0,0.0,동
폴란드,2021,,,,,동
프랑스,2021,0.0,0.0,0.0,0.0,동
핀란드,2021,0.0,0.0,0.0,0.0,동
필리핀,2021,69419.0,19979.0,0.0,0.0,동
호주,2021,1328508.0,377214.0,0.0,0.0,동
남아프리카공화국,2022,55508.0,16392.0,0.0,0.0,동
네덜란드,2022,,,,,동
독일,2022,0.0,0.0,0.0,0.0,동
러시아연방,2022,,,,,동
멕시코,2022,73136.0,36093.0,0.0,0.0,동
몬테네그로,2022,307154.0,192725.0,0.0,0.0,동
미국,2022,334.0,138.0,0.0,0.0,동
베트남,2022,0.0,0.0,7.0,8.0,동
브라질,2022,,,,,동
사우디아라비아,2022,1726.0,479.0,0.0,0.0,동
스웨덴,2022,,,,,동
UAE,2022,143457.0,89510.0,0.0,0.0,동
아르메니아,2022,,,,,동
우즈베키스탄,2022,,,,,동
인도,2022,0.0,0.0,0.0,0.0,동
인도네시아,2022,1477440.0,461761.0,83.0,893.0,동
일본,2022,,,,,동
조지아,2022,,,,,동
중국,2022,56.0,2.0,1582263.0,741946.0,동
칠레,2022,1121896.0,476470.0,0.0,0.0,동
카타르,2022,,,,,동
캄보디아,2022,0.0,0.0,3.0,311.0,동
캐나다,2022,680016.0,179966.0,0.0,0.0,동
케냐,2022,0.0,0.0,0.0,0.0,동
콩고,2022,,,,,동
크로아티아,2022,96991.0,60068.0,0.0,0.0,동
탄자니아,2022,31575.0,9087.0,0.0,0.0,동
태국,2022,0.0,0.0,50.0,1953.0,동
튀르키예,2022,1434.0,1186.0,0.0,0.0,동
파나마,2022,256233.0,108797.0,0.0,0.0,동
파키스탄,2022,1.0,0.0,0.0,0.0,동
파푸아뉴기니,2022,101073.0,29259.0,0.0,0.0,동
페루,2022,638489.0,237079.0,0.0,0.0,동
폴란드,2022,502.0,597.0,0.0,0.0,동
프랑스,2022,,,,,동
핀란드,2022,,,,,동
필리핀,2022,295806.0,79533.0,0.0,0.0,동
호주,2022,1295501.0,379675.0,0.0,0.0,동
그리스,2021,15571.0,6454.0,0.0,0.0,연
나이지리아,2021,0.0,0.0,0.0,0.0,연
남아프리카공화국,2021,13076.0,7573.0,0.0,0.0,연
네덜란드,2021,11781.0,2379.0,0.0,0.0,연
러시아연방,2021,38650.0,19879.0,0.0,0.0,연
멕시코,2021,886119.0,92773.0,0.0,0.0,연
모로코,2021,13264.0,10103.0,0.0,0.0,연
몬테네그로,2021,17431.0,7450.0,0.0,0.0,연
미국,2021,200076.0,77532.0,0.0,0.0,연
베트남,2021,0.0,0.0,,,연
보스니아헤르체고비나,2021,,,0.0,0.0,연
볼리비아,2021,268181.0,73608.0,0.0,0.0,연
불가리아,2021,,,0.0,0.0,연
세르비아,2021,38096.0,13662.0,0.0,0.0,연
스웨덴,2021,,,0.0,0.0,연
스위스,2021,1.0,0.0,0.0,0.0,연
스페인,2021,6658.0,6507.0,0.0,0.0,연
싱가포르,2021,156.0,43.0,,,연
온두라스,2021,34816.0,14830.0,0.0,0.0,연
인도네시아,2021,,,20.0,41.0,연
일본,2021,0.0,0.0,,,연
중국,2021,0.0,0.0,,,연
칠레,2021,1276.0,483.0,,,연
태국,2021,0.0,0.0,26.0,41.0,연
튀르키예,2021,11507.0,5113.0,0.0,0.0,연
페루,2021,444190.0,165234.0,0.0,0.0,연
호주,2021,365783.0,138792.0,0.0,0.0,연
그리스,2022,3706.0,1827.0,0.0,0.0,연
나이지리아,2022,269.0,246.0,0.0,0.0,연
남아프리카공화국,2022,24923.0,14115.0,0.0,0.0,연
네덜란드,2022,48113.0,17232.0,0.0,0.0,연
러시아연방,2022,47169.0,28951.0,0.0,0.0,연
멕시코,2022,757826.0,83141.0,0.0,0.0,연
모로코,2022,20541.0,13996.0,0.0,0.0,연
몬테네그로,2022,11118.0,5613.0,0.0,0.0,연
미국,2022,166750.0,89255.0,0.0,0.0,연
베트남,2022,,,,,연
보스니아헤르체고비나,2022,13128.0,6278.0,0.0,0.0,연
볼리비아,2022,223168.0,65800.0,0.0,0.0,연
불가리아,2022,15045.0,9091.0,0.0,0.0,연
세르비아,2022,28827.0,12207.0,0.0,0.0,연
스웨덴,2022,14293.0,7260.0,0.0,0.0,연
스위스,2022,1.0,0.0,0.0,0.0,연
스페인,2022,5543.0,5564.0,0.0,0.0,연
싱가포르,2022,,,,,연
온두라스,2022,29430.0,14386.0,0.0,0.0,연
인도네시아,2022,0.0,0.0,20.0,41.0,연
일본,2022,,,,,연
중국,2022,,,,,연
칠레,2022,,,,,연
태국,2022,0.0,0.0,26.0,41.0,연
튀르키예,2022,17554.0,8429.0,0.0,0.0,연
페루,2022,255894.0,101062.0,0.0,0.0,연
호주,2022,191203.0,78904.0,0.0,0.0,연
남아프리카공화국,2021,53314.0,56913.0,0.0,0.0,아연
네덜란드,2021,0.0,0.0,0.0,0.0,아연
대만,2021,,,,,아연
라오스,2021,,,,,아연
러시아연방,2021,16407.0,13508.0,0.0,0.0,아연
마케도니아,2021,914.0,896.0,0.0,0.0,아연
말레이시아,2021,0.0,0.0,0.0,0.0,아연
멕시코,2021,332112.0,229823.0,0.0,0.0,아연
모로코,2021,1545.0,1408.0,0.0,0.0,아연
몬테네그로,2021,,,,,아연
미국,2021,204776.0,164582.0,0.0,0.0,아연
방글라데시,2021,163.0,198.0,0.0,0.0,아연
베트남,2021,1712.0,1729.0,0.0,0.0,아연
벨기에,2021,,,,,아연
볼리비아,2021,161997.0,121552.0,0.0,0.0,아연
브라질,2021,,,,,아연
사우디아라비아,2021,13432.0,10936.0,0.0,0.0,아연
세르비아,2021,6243.0,4820.0,0.0,0.0,아연
스페인,2021,10283.0,9406.0,0.0,0.0,아연
UAE,2021,0.0,0.0,0.0,0.0,아연
아르헨티나,2021,13889.0,9753.0,0.0,0.0,아연
알바니아,2021,9556.0,38490.0,0.0,0.0,아연
에리트리아,2021,101837.0,91844.0,0.0,0.0,아연
영국,2021,0.0,0.0,0.0,0.0,아연
온두라스,2021,,,,,아연
인도,2021,,,,,아연
인도네시아,2021,3645.0,2799.0,0.0,0.0,아연
일본,2021,0.0,0.0,5515.0,3810.0,아연
중국,2021,0.0,0.0,18.0,60.0,아연
칠레,2021,25228.0,25895.0,0.0,0.0,아연
캐나다,2021,58689.0,45621.0,0.0,0.0,아연
태국,2021,,,,,아연
튀르키예,2021,8281.0,7408.0,0.0,0.0,아연
파키스탄,2021,1419.0,1399.0,0.0,0.0,아연
페루,2021,423114.0,375409.0,0.0,0.0,아연
프랑스,2021,0.0,0.0,0.0,0.0,아연
필리핀,2021,,,,,아연
호주,2021,596329.0,605372.0,29146.0,19934.0,아연
남아프리카공화국,2022,5340.0,4095.0,0.0,0.0,아연
네덜란드,2022,,,,,아연
대만,2022,0.0,0.0,0.0,0.0,아연
라오스,2022,763.0,671.0,0.0,0.0,아연
러시아연방,2022,22505.0,14574.0,0.0,0.0,아연
마케도니아,2022,,,,,아연
말레이시아,2022,25.0,39.0,0.0,0.0,아연
멕시코,2022,434390.0,257595.0,0.0,0.0,아연
모로코,2022,614.0,362.0,0.0,0.0,아연
몬테네그로,2022,1990.0,1199.0,0.0,0.0,아연
미국,2022,341709.0,255875.0,0.0,0.0,아연
방글라데시,2022,342.0,267.0,0.0,0.0,아연
베트남,2022,3451.0,2197.0,0.0,0.0,아연
벨기에,2022,0.0,0.0,0.0,0.0,아연
볼리비아,2022,385585.0,245998.0,0.0,0.0,아연
브라질,2022,4859.0,3780.0,0.0,0.0,아연
사우디아라비아,2022,11146.0,9481.0,0.0,0.0,아연
세르비아,2022,6425.0,4326.0,0.0,0.0,아연
스페인,2022,6633.0,6035.0,0.0,0.0,아연
UAE,2022,,,,,아연
아르헨티나,2022,11928.0,7310.0,0.0,0.0,아연
알바니아,2022,3829.0,11202.0,0.0,0.0,아연
에리트리아,2022,84824.0,56953.0,0.0,0.0,아연
영국,2022,,,,,아연
온두라스,2022,23481.0,19498.0,0.0,0.0,아연
인도,2022,3023.0,22530.0,0.0,0.0,아연
인도네시아,2022,4587.0,2572.0,0.0,0.0,아연
일본,2022,0.0,0.0,4389.0,2200.0,아연
중국,2022,0.0,0.0,1840.0,1350.0,아연
칠레,2022,,,,,아연
캐나다,2022,87643.0,54686.0,0.0,0.0,아연
태국,2022,1508.0,1238.0,0.0,0.0,아연
튀르키예,2022,9110.0,6541.0,0.0,0.0,아연
파키스탄,2022,2390.0,1850.0,0.0,0.0,아연
페루,2022,316915.0,220568.0,0.0,0.0,아연
프랑스,2022,0.0,0.0,0.0,0.0,아연
필리핀,2022,0.0,0.0,0.0,0.0,아연
호주,2022,581253.0,478134.0,31277.0,15848.0,아연
남아프리카공화국,2021,918746.0,4506163.0,0.0,0.0,철
네덜란드,2021,40.0,90.0,0.0,0.0,철
독일,2021,1.0,0.0,0.0,0.0,철
러시아연방,2021,,,,,철
모리타니,2021,1.0,0.0,0.0,0.0,철
미국,2021,3.0,0.0,0.0,0.0,철
바레인,2021,84519.0,336321.0,0.0,0.0,철
베트남,2021,0.0,0.0,0.0,1.0,철
볼리비아,2021,0.0,0.0,0.0,0.0,철
브라질,2021,1547005.0,8455746.0,0.0,0.0,철
스웨덴,2021,5.0,6.0,0.0,0.0,철
스페인,2021,,,,,철
싱가포르,2021,,,,,철
영국,2021,0.0,0.0,0.0,0.0,철
오만,2021,,,,,철
우루과이,2021,8.0,0.0,0.0,0.0,철
우크라이나,2021,12414.0,55189.0,0.0,0.0,철
이탈리아,2021,0.0,0.0,3.0,0.0,철
인도,2021,187526.0,903139.0,0.0,0.0,철
인도네시아,2021,0.0,0.0,3.0,6.0,철
일본,2021,1.0,0.0,0.0,0.0,철
중국,2021,9908.0,32704.0,17432.0,302511.0,철
칠레,2021,118742.0,599128.0,0.0,0.0,철
캐나다,2021,678680.0,3912920.0,0.0,0.0,철
태국,2021,,,,,철
프랑스,2021,0.0,0.0,0.0,0.0,철
필리핀,2021,1.0,13.0,0.0,0.0,철
호주,2021,8517308.0,55285371.0,0.0,0.0,철
남아프리카공화국,2022,743878.0,4574715.0,0.0,0.0,철
네덜란드,2022,50.0,120.0,0.0,0.0,철
독일,2022,0.0,0.0,0.0,0.0,철
러시아연방,2022,16742.0,77899.0,0.0,0.0,철
모리타니,2022,2.0,0.0,0.0,0.0,철
미국,2022,0.0,0.0,0.0,0.0,철
바레인,2022,118515.0,507538.0,0.0,0.0,철
베트남,2022,,,,,철
볼리비아,2022,,,,,철
브라질,2022,1486113.0,8908151.0,0.0,0.0,철
스웨덴,2022,,,,,철
스페인,2022,0.0,0.0,0.0,0.0,철
싱가포르,2022,3.0,19.0,0.0,0.0,철
영국,2022,0.0,0.0,0.0,0.0,철
오만,2022,0.0,0.0,0.0,0.0,철
우루과이,2022,8.0,0.0,0.0,0.0,철
우크라이나,2022,0.0,0.0,0.0,0.0,철
이탈리아,2022,,,,,철
인도,2022,14710.0,69041.0,0.0,0.0,철
인도네시아,2022,,,,,철
일본,2022,,,,,철
중국,2022,12071.0,69293.0,14312.0,275074.0,철
칠레,2022,312927.0,1372525.0,0.0,0.0,철
캐나다,2022,702156.0,4672374.0,0.0,0.0,철
태국,2022,1.0,0.0,0.0,0.0,철
프랑스,2022,8.0,1.0,0.0,0.0,철
필리핀,2022,0.0,0.0,0.0,0.0,철
호주,2022,5513266.0,46170991.0,0.0,0.0,철
네덜란드,2021,42.0,48.0,0.0,0.0,알루미늄
미국,2021,0.0,0.0,0.0,0.0,알루미늄
브라질,2021,0.0,0.0,0.0,0.0,알루미늄
싱가포르,2021,0.0,0.0,0.0,0.0,알루미늄
인도,2021,279.0,2334.0,0.0,0.0,알루미늄
인도네시아,2021,0.0,0.0,14.0,116.0,알루미늄
일본,2021,0.0,0.0,0.0,0.0,알루미늄
중국,2021,9858.0,25910.0,31.0,40.0,알루미늄
파키스탄,2021,,,,,알루미늄
프랑스,2021,0.0,0.0,0.0,0.0,알루미늄
호주,2021,22947.0,396248.0,0.0,0.0,알루미늄
홍콩,2021,,,,,알루미늄
네덜란드,2022,0.0,0.0,0.0,0.0,알루미늄
미국,2022,0.0,0.0,0.0,0.0,알루미늄
브라질,2022,,,,,알루미늄
싱가포르,2022,,,,,알루미늄
인도,2022,31.0,220.0,0.0,0.0,알루미늄
인도네시아,2022,0.0,0.0,46.0,478.0,알루미늄
일본,2022,,,,,알루미늄
중국,2022,9108.0,21591.0,0.0,0.0,알루미늄
파키스탄,2022,0.0,0.0,0.0,0.0,알루미늄
프랑스,2022,,,,,알루미늄
호주,2022,24011.0,395951.0,0.0,0.0,알루미늄
홍콩,2022,0.0,0.0,0.0,0.0,알루미늄
네덜란드,2021,,,,,텅스텐
르완다,2021,,,,,텅스텐
미국,2021,0.0,0.0,0.0,0.0,텅스텐
베트남,2021,0.0,0.0,83.0,7.0,텅스텐
싱가포르,2021,3.0,0.0,0.0,0.0,텅스텐
일본,2021,0.0,0.0,1.0,0.0,텅스텐
중국,2021,57.0,1.0,0.0,0.0,텅스텐
포루투갈,2021,1.0,0.0,0.0,1.0,텅스텐
네덜란드,2022,1.0,0.0,0.0,0.0,텅스텐
르완다,2022,0.0,0.0,0.0,0.0,텅스텐
미국,2022,0.0,0.0,0.0,0.0,텅스텐
베트남,2022,0.0,0.0,3558.0,1225.0,텅스텐
싱가포르,2022,,,,,텅스텐
일본,2022,557.0,39.0,0.0,0.0,텅스텐
중국,2022,49.0,1.0,0.0,0.0,텅스텐
포루투갈,2022,0.0,0.0,1.0,16.0,텅스텐
네덜란드,2021,2.0,0.0,3197.0,140.0,몰리브덴
대만,2021,514.0,37.0,8808.0,476.0,몰리브덴
독일,2021,5.0,0.0,0.0,0.0,몰리브덴
말레이시아,2021,,,,,몰리브덴
멕시코,2021,164292.0,9365.0,0.0,0.0,몰리브덴
몽골,2021,9428.0,661.0,0.0,0.0,몰리브덴
미국,2021,38585.0,2211.0,0.0,0.0,몰리브덴
베트남,2021,30675.0,1613.0,7055.0,5037.0,몰리브덴
벨기에,2021,17513.0,920.0,0.0,0.0,몰리브덴
UAE,2021,,,,,몰리브덴
아르메니아,2021,16828.0,1074.0,0.0,0.0,몰리브덴
아르헨티나,2021,9613.0,653.0,0.0,0.0,몰리브덴
이란,2021,626.0,42.0,0.0,0.0,몰리브덴
인도,2021,0.0,0.0,512.0,40.0,몰리브덴
일본,2021,582.0,83.0,65850.0,2989.0,몰리브덴
중국,2021,82446.0,3846.0,4544.0,363.0,몰리브덴
칠레,2021,346703.0,19089.0,0.0,0.0,몰리브덴
카자흐스탄,2021,3315.0,281.0,0.0,0.0,몰리브덴
태국,2021,5024.0,240.0,360.0,332.0,몰리브덴
페루,2021,53184.0,3603.0,0.0,0.0,몰리브덴
호주,2021,,,,,몰리브덴
네덜란드,2022,,,,,몰리브덴
대만,2022,0.0,0.0,0.0,0.0,몰리브덴
독일,2022,,,,,몰리브덴
말레이시아,2022,510.0,20.0,0.0,0.0,몰리브덴
멕시코,2022,185991.0,8477.0,0.0,0.0,몰리브덴
몽골,2022,18365.0,1074.0,0.0,0.0,몰리브덴
미국,2022,32445.0,1421.0,0.0,0.0,몰리브덴
베트남,2022,16544.0,708.0,7760.0,1931.0,몰리브덴
벨기에,2022,14009.0,580.0,0.0,0.0,몰리브덴
UAE,2022,893.0,40.0,0.0,0.0,몰리브덴
아르메니아,2022,12438.0,739.0,0.0,0.0,몰리브덴
아르헨티나,2022,1101.0,59.0,0.0,0.0,몰리브덴
이란,2022,422.0,21.0,0.0,0.0,몰리브덴
인도,2022,0.0,0.0,755.0,108.0,몰리브덴
일본,2022,1507.0,117.0,36941.0,1507.0,몰리브덴
중국,2022,162928.0,7076.0,1872.0,98.0,몰리브덴
칠레,2022,307369.0,13376.0,0.0,0.0,몰리브덴
카자흐스탄,2022,3231.0,170.0,0.0,0.0,몰리브덴
태국,2022,6938.0,283.0,1126.0,773.0,몰리브덴
페루,2022,27667.0,1410.0,0.0,0.0,몰리브덴
호주,2022,7599.0,432.0,0.0,0.0,몰리브덴
남아프리카공화국,2021,2637.0,2000.0,0.0,0.0,티타늄
네덜란드,2021,0.0,0.0,0.0,0.0,티타늄
노르웨이,2021,10330.0,42772.0,0.0,0.0,티타늄
대만,2021,77.0,38.0,0.0,0.0,티타늄
독일,2021,27.0,24.0,0.0,0.0,티타늄
말레이시아,2021,27.0,104.0,0.0,0.0,티타늄
모잠비크,2021,113.0,200.0,0.0,0.0,티타늄
미국,2021,0.0,0.0,0.0,0.0,티타늄
베트남,2021,18963.0,42950.0,0.0,0.0,티타늄
세네갈,2021,3199.0,2580.0,0.0,0.0,티타늄
스리랑카,2021,19.0,72.0,0.0,0.0,티타늄
스페인,2021,6.0,0.0,0.0,0.0,티타늄
시에라리온,2021,3689.0,2460.0,0.0,0.0,티타늄
UAE,2021,,,,,티타늄
우크라이나,2021,7290.0,4080.0,0.0,0.0,티타늄
이집트,2021,0.0,0.0,0.0,0.0,티타늄
인도,2021,3839.0,11000.0,0.0,0.0,티타늄
중국,2021,915.0,745.0,23438.0,302062.0,티타늄
캐나다,2021,0.0,0.0,0.0,0.0,티타늄
케냐,2021,5259.0,3566.0,0.0,0.0,티타늄
태국,2021,37.0,92.0,0.0,0.0,티타늄
호주,2021,2494.0,5058.0,0.0,0.0,티타늄
홍콩,2021,0.0,0.0,0.0,0.0,티타늄
남아프리카공화국,2022,3485.0,1900.0,0.0,0.0,티타늄
네덜란드,2022,,,,,티타늄
노르웨이,2022,7713.0,25000.0,0.0,0.0,티타늄
대만,2022,,,,,티타늄
독일,2022,,,,,티타늄
말레이시아,2022,27.0,78.0,0.0,0.0,티타늄
모잠비크,2022,,,,,티타늄
미국,2022,,,,,티타늄
베트남,2022,9646.0,19540.0,0.0,0.0,티타늄
세네갈,2022,6199.0,3380.0,0.0,0.0,티타늄
스리랑카,2022,,,,,티타늄
스페인,2022,,,,,티타늄
시에라리온,2022,5031.0,2420.0,0.0,0.0,티타늄
UAE,2022,0.0,0.0,0.0,0.0,티타늄
우크라이나,2022,8790.0,4102.0,0.0,0.0,티타늄
이집트,2022,,,,,티타늄
인도,2022,,,,,티타늄
중국,2022,134.0,68.0,18900.0,260954.0,티타늄
캐나다,2022,,,,,티타늄
케냐,2022,10876.0,4864.0,0.0,0.0,티타늄
태국,2022,10.0,20.0,0.0,0.0,티타늄
호주,2022,3655.0,6462.0,0.0,0.0,티타늄
홍콩,2022,,,,,티타늄
가봉,2021,21580.0,101970.0,0.0,0.0,망간
남아프리카공화국,2021,147818.0,717245.0,0.0,0.0,망간
네덜란드,2021,57.0,80.0,0.0,0.0,망간
대만,2021,12.0,588.0,0.0,0.0,망간
독일,2021,0.0,0.0,0.0,0.0,망간
모로코,2021,,,,,망간
미국,2021,539.0,380.0,0.0,0.0,망간
베트남,2021,,,,,망간
볼리비아,2021,0.0,0.0,0.0,0.0,망간
이탈리아,2021,,,,,망간
인도,2021,0.0,0.0,0.0,0.0,망간
일본,2021,0.0,0.0,0.0,0.0,망간
중국,2021,13.0,34.0,0.0,0.0,망간
호주,2021,120337.0,504798.0,0.0,0.0,망간
가봉,2022,9951.0,36497.0,0.0,0.0,망간
남아프리카공화국,2022,130060.0,544192.0,0.0,0.0,망간
네덜란드,2022,48.0,60.0,0.0,0.0,망간
대만,2022,,,,,망간
독일,2022,0.0,0.0,0.0,0.0,망간
모로코,2022,0.0,0.0,0.0,0.0,망간
미국,2022,468.0,323.0,0.0,0.0,망간
베트남,2022,0.0,0.0,3.0,93.0,망간
볼리비아,2022,,,,,망간
이탈리아,2022,0.0,0.0,0.0,0.0,망간
인도,2022,,,,,망간
일본,2022,4506.0,19501.0,0.0,0.0,망간
중국,2022,4.0,19.0,2.0,20.0,망간
호주,2022,138594.0,485338.0,0.0,0.0,망간
나이지리아,2021,17.0,1.0,0.0,0.0,주석
몽골,2021,,,,,주석
미국,2021,0.0,0.0,0.0,0.0,주석
미얀마,2021,,,,,주석
베네수엘라,2021,,,,,주석
베트남,2021,0.0,0.0,18.0,1.0,주석
세네갈,2021,0.0,0.0,0.0,0.0,주석
인도,2021,0.0,0.0,5.0,0.0,주석
인도네시아,2021,0.0,0.0,3.0,0.0,주석
중국,2021,0.0,0.0,53.0,1.0,주석
콩고민주공화국,2021,0.0,0.0,0.0,0.0,주석
태국,2021,,,,,주석
프랑스,2021,,,,,주석
나이지리아,2022,,,,,주석
몽골,2022,1.0,0.0,0.0,0.0,주석
미국,2022,0.0,0.0,0.0,0.0,주석
미얀마,2022,0.0,0.0,0.0,0.0,주석
베네수엘라,2022,0.0,0.0,0.0,0.0,주석
베트남,2022,0.0,0.0,0.0,0.0,주석
세네갈,2022,,,,,주석
인도,2022,0.0,0.0,3.0,0.0,주석
인도네시아,2022,,,,,주석
중국,2022,0.0,0.0,36.0,1.0,주석
콩고민주공화국,2022,,,,,주석
태국,2022,118.0,17.0,0.0,0.0,주석
프랑스,2022,0.0,0.0,0.0,0.0,주석
과테말라,2021,,,,,니켈
네덜란드,2021,5.0,0.0,0.0,0.0,니켈
뉴칼레도니아,2021,330115.0,3076534.0,0.0,0.0,니켈
독일,2021,,,,,니켈
러시아연방,2021,,,,,니켈
룩셈부르크,2021,0.0,0.0,0.0,0.0,니켈
미국,2021,0.0,0.0,0.0,0.0,니켈
볼리비아,2021,,,,,니켈
알바니아,2021,,,,,니켈
일본,2021,0.0,0.0,42.0,86.0,니켈
중국,2021,0.0,0.0,0.0,0.0,니켈
카자흐스탄,2021,0.0,0.0,0.0,0.0,니켈
캐나다,2021,,,,,니켈
코트디부아르,2021,,,,,니켈
탄자니아,2021,,,,,니켈
필리핀,2021,10563.0,105000.0,0.0,0.0,니켈
호주,2021,0.0,0.0,0.0,0.0,니켈
과테말라,2022,13537.0,96424.0,0.0,0.0,니켈
네덜란드,2022,5.0,0.0,0.0,0.0,니켈
뉴칼레도니아,2022,348833.0,2401819.0,0.0,0.0,니켈
독일,2022,0.0,0.0,0.0,0.0,니켈
러시아연방,2022,0.0,0.0,0.0,0.0,니켈
룩셈부르크,2022,,,,,니켈
미국,2022,1.0,0.0,0.0,0.0,니켈
볼리비아,2022,0.0,0.0,0.0,0.0,니켈
알바니아,2022,0.0,0.0,0.0,0.0,니켈
일본,2022,0.0,0.0,64.0,46.0,니켈
중국,2022,0.0,0.0,143.0,62.0,니켈
카자흐스탄,2022,0.0,0.0,0.0,0.0,니켈
캐나다,2022,0.0,0.0,0.0,0.0,니켈
코트디부아르,2022,7757.0,45100.0,0.0,0.0,니켈
탄자니아,2022,0.0,0.0,0.0,0.0,니켈
필리핀,2022,12297.0,109943.0,0.0,0.0,니켈
호주,2022,0.0,0.0,0.0,0.0,니켈
네덜란드,2021,,,,,코발트
독일,2021,,,,,코발트
미국,2021,0.0,0.0,0.0,0.0,코발트
영국,2021,,,,,코발트
이집트,2021,,,,,코발트
잠비아,2021,0.0,0.0,0.0,0.0,코발트
콩고민주공화국,2021,,,,,코발트
프랑스,2021,0.0,0.0,0.0,0.0,코발트
네덜란드,2022,0.0,0.0,0.0,0.0,코발트
독일,2022,1.0,0.0,0.0,0.0,코발트
미국,2022,,,,,코발트
영국,2022,87.0,12.0,0.0,0.0,코발트
이집트,2022,0.0,0.0,0.0,0.0,코발트
잠비아,2022,,,,,코발트
콩고민주공화국,2022,0.0,0.0,0.0,0.0,코발트
프랑스,2022,7.0,0.0,0.0,0.0,코발트
남아프리카공화국,2021,99.0,180.0,0.0,0.0,크롬
네덜란드,2021,13.0,25.0,0.0,0.0,크롬
대만,2021,0.0,0.0,2.0,2.0,크롬
독일,2021,9.0,8.0,0.0,0.0,크롬
벨기에,2021,3.0,0.0,0.0,0.0,크롬
일본,2021,45.0,30.0,11.0,20.0,크롬
중국,2021,78.0,191.0,17.0,44.0,크롬
파키스탄,2021,585.0,1320.0,0.0,0.0,크롬
필리핀,2021,,,,,크롬
남아프리카공화국,2022,184.0,361.0,0.0,0.0,크롬
네덜란드,2022,,,,,크롬
대만,2022,,,,,크롬
독일,2022,,,,,크롬
벨기에,2022,4.0,0.0,0.0,0.0,크롬
일본,2022,37.0,29.0,0.0,0.0,크롬
중국,2022,0.0,0.0,0.0,0.0,크롬
파키스탄,2022,,,,,크롬
필리핀,2022,0.0,0.0,0.0,0.0,크롬
베트남,2021,,,,,탄탈륨
브라질,2021,,,,,탄탈륨
중국,2021,15.0,0.0,0.0,0.0,탄탈륨
케냐,2021,0.0,0.0,0.0,0.0,탄탈륨
베트남,2022,0.0,0.0,0.0,0.0,탄탈륨
브라질,2022,0.0,0.0,0.0,0.0,탄탈륨
중국,2022,54.0,0.0,0.0,0.0,탄탈륨
케냐,2022,,,,,탄탈륨
독일,2021,0.0,0.0,,,니오븀
미국,2021,,,0.0,0.0,니오븀
슬로베니아,2021,,,0.0,0.0,니오븀
중국,2021,0.0,0.0,0.0,0.0,니오븀
독일,2022,1.0,0.0,0.0,0.0,니오븀
미국,2022,,,,,니오븀
슬로베니아,2022,,,,,니오븀
중국,2022,23.0,0.0,0.0,0.0,니오븀
베트남,2021,0.0,0.0,5004.0,5742.0,바나듐
인도,2021,0.0,0.0,152.0,253.0,바나듐
캄보디아,2021,0.0,0.0,642.0,692.0,바나듐
캐나다,2021,,,,,바나듐
태국,2021,0.0,0.0,1089.0,1263.0,바나듐
베트남,2022,0.0,0.0,3187.0,2249.0,바나듐
인도,2022,0.0,0.0,17.0,60.0,바나듐
캄보디아,2022,0.0,0.0,130.0,126.0,바나듐
캐나다,2022,145.0,108.0,0.0,0.0,바나듐
태국,2022,0.0,0.0,1182.0,1031.0,바나듐
대만,2021,31.0,0.0,0.0,0.0,토상흑연
독일,2021,611.0,123.0,0.0,0.0,토상흑연
말레이시아,2021,,,,,토상흑연
멕시코,2021,,,,,토상흑연
미국,2021,7483.0,1163.0,0.0,0.0,토상흑연
방글라데시,2021,,,,,토상흑연
베트남,2021,0.0,0.0,15.0,1.0,토상흑연
스리랑카,2021,580.0,171.0,0.0,0.0,토상흑연
스웨덴,2021,0.0,0.0,0.0,0.0,토상흑연
스페인,2021,,,,,토상흑연
싱가포르,2021,,,,,토상흑연
UAE,2021,0.0,0.0,0.0,0.0,토상흑연
영국,2021,197.0,32.0,0.0,0.0,토상흑연
오스트리아,2021,12.0,2.0,0.0,0.0,토상흑연
이탈리아,2021,0.0,0.0,0.0,0.0,토상흑연
인도,2021,0.0,0.0,9.0,1.0,토상흑연
인도네시아,2021,0.0,0.0,4.0,7.0,토상흑연
일본,2021,390.0,121.0,0.0,0.0,토상흑연
중국,2021,85453.0,39448.0,922.0,309.0,토상흑연
체코공화국,2021,0.0,0.0,0.0,0.0,토상흑연
캐나다,2021,2.0,0.0,0.0,0.0,토상흑연
태국,2021,0.0,0.0,35.0,22.0,토상흑연
튀르키예,2021,,,,,토상흑연
폴란드,2021,0.0,0.0,0.0,0.0,토상흑연
프랑스,2021,0.0,0.0,0.0,0.0,토상흑연
호주,2021,0.0,0.0,0.0,0.0,토상흑연
홍콩,2021,0.0,0.0,0.0,0.0,토상흑연
대만,2022,30.0,0.0,0.0,0.0,토상흑연
독일,2022,453.0,89.0,0.0,0.0,토상흑연
말레이시아,2022,0.0,0.0,0.0,0.0,토상흑연
멕시코,2022,0.0,0.0,0.0,0.0,토상흑연
미국,2022,4888.0,727.0,6.0,0.0,토상흑연
방글라데시,2022,0.0,0.0,2.0,0.0,토상흑연
베트남,2022,0.0,0.0,55.0,2.0,토상흑연
스리랑카,2022,483.0,135.0,0.0,0.0,토상흑연
스웨덴,2022,0.0,0.0,0.0,0.0,토상흑연
스페인,2022,1.0,0.0,0.0,0.0,토상흑연
싱가포르,2022,0.0,0.0,0.0,0.0,토상흑연
UAE,2022,,,,,토상흑연
영국,2022,153.0,41.0,0.0,0.0,토상흑연
오스트리아,2022,6.0,1.0,0.0,0.0,토상흑연
이탈리아,2022,,,,,토상흑연
인도,2022,2.0,2.0,2.0,1.0,토상흑연
인도네시아,2022,0.0,0.0,12.0,8.0,토상흑연
일본,2022,363.0,118.0,0.0,0.0,토상흑연
중국,2022,106150.0,34927.0,722.0,98.0,토상흑연
체코공화국,2022,1.0,0.0,0.0,0.0,토상흑연
캐나다,2022,1.0,0.0,0.0,0.0,토상흑연
태국,2022,0.0,0.0,10.0,2.0,토상흑연
튀르키예,2022,0.0,0.0,0.0,0.0,토상흑연
폴란드,2022,,,,,토상흑연
프랑스,2022,,,,,토상흑연
호주,2022,0.0,0.0,0.0,0.0,토상흑연
홍콩,2022,,,,,토상흑연
대만,2021,0.0,0.0,113.0,0.0,인상흑연
독일,2021,3578.0,1104.0,0.0,0.0,인상흑연
마다가스카르,2021,9.0,18.0,0.0,0.0,인상흑연
말레이시아,2021,,,,,인상흑연
모잠비크,2021,,,,,인상흑연
미국,2021,54.0,9.0,0.0,0.0,인상흑연
베트남,2021,,,,,인상흑연
브라질,2021,291.0,101.0,0.0,0.0,인상흑연
싱가포르,2021,0.0,0.0,49.0,0.0,인상흑연
영국,2021,4.0,1.0,0.0,0.0,인상흑연
오만,2021,0.0,0.0,0.0,0.0,인상흑연
오스트리아,2021,8.0,2.0,0.0,0.0,인상흑연
인도네시아,2021,,,,,인상흑연
일본,2021,515.0,98.0,0.0,0.0,인상흑연
중국,2021,11563.0,10047.0,227.0,40.0,인상흑연
캐나다,2021,67.0,15.0,0.0,0.0,인상흑연
태국,2021,0.0,0.0,47.0,11.0,인상흑연
프랑스,2021,0.0,0.0,0.0,0.0,인상흑연
핀란드,2021,,,,,인상흑연
대만,2022,0.0,0.0,207.0,0.0,인상흑연
독일,2022,561.0,116.0,19.0,10.0,인상흑연
마다가스카르,2022,53.0,58.0,0.0,0.0,인상흑연
말레이시아,2022,0.0,0.0,0.0,0.0,인상흑연
모잠비크,2022,89.0,128.0,0.0,0.0,인상흑연
미국,2022,90.0,11.0,0.0,0.0,인상흑연
베트남,2022,0.0,0.0,87.0,0.0,인상흑연
브라질,2022,80.0,26.0,0.0,0.0,인상흑연
싱가포르,2022,0.0,0.0,26.0,0.0,인상흑연
영국,2022,7.0,2.0,0.0,0.0,인상흑연
오만,2022,,,,,인상흑연
오스트리아,2022,24.0,4.0,0.0,0.0,인상흑연
인도네시아,2022,0.0,0.0,1.0,0.0,인상흑연
일본,2022,348.0,80.0,0.0,0.0,인상흑연
중국,2022,16931.0,11935.0,415.0,73.0,인상흑연
캐나다,2022,123.0,25.0,0.0,0.0,인상흑연
태국,2022,0.0,0.0,0.0,0.0,인상흑연
프랑스,2022,0.0,0.0,0.0,0.0,인상흑연
핀란드,2022,11.0,8.0,0.0,0.0,인상흑연
남아프리카공화국,2021,0.0,0.0,0.0,0.0,형석
네덜란드,2021,6.0,0.0,0.0,0.0,형석
대 만,2021,,,,,형석
멕시코,2021,8537.0,22672.0,0.0,0.0,형석
모잠비크,2021,0.0,0.0,0.0,0.0,형석
몽 골,2021,939.0,2702.0,0.0,0.0,형석
미 국,2021,3.0,0.0,0.0,0.0,형석
베 트 남,2021,0.0,0.0,0.0,0.0,형석
스 웨 덴,2021,47.0,13.0,0.0,0.0,형석
싱가포르,2021,0.0,0.0,0.0,0.0,형석
아프가니스탄,2021,570.0,1153.0,0.0,0.0,형석
이탈리아,2021,0.0,0.0,0.0,0.0,형석
일 본,2021,1165.0,3250.0,0.0,0.0,형석
중 국,2021,16024.0,36256.0,146.0,249.0,형석
태국,2021,0.0,0.0,0.0,0.0,형석
파키스탄,2021,3510.0,13789.0,0.0,0.0,형석
피지,2021,,,,,형석
남아프리카공화국,2022,,,,,형석
네덜란드,2022,1.0,0.0,0.0,0.0,형석
대 만,2022,0.0,0.0,0.0,0.0,형석
멕시코,2022,4126.0,9975.0,0.0,0.0,형석
모잠비크,2022,,,,,형석
몽 골,2022,888.0,2149.0,0.0,0.0,형석
미 국,2022,,,,,형석
베 트 남,2022,,,,,형석
스 웨 덴,2022,49.0,15.0,0.0,0.0,형석
싱가포르,2022,,,,,형석
아프가니스탄,2022,636.0,1101.0,0.0,0.0,형석
이탈리아,2022,,,,,형석
일 본,2022,1246.0,3162.0,0.0,0.0,형석
중 국,2022,14984.0,33738.0,142.0,157.0,형석
태국,2022,42.0,110.0,0.0,0.0,형석
파키스탄,2022,1353.0,5831.0,0.0,0.0,형석
피지,2022,0.0,0.0,3.0,2.0,형석
과테말라,2021,23.0,41.0,0.0,0.0,석회석류
그 리 스,2021,0.0,0.0,0.0,0.0,석회석류
남아프리카공화국,2021,,,,,석회석류
네덜란드,2021,0.0,0.0,0.0,0.0,석회석류
노르웨이,2021,337.0,1380.0,0.0,0.0,석회석류
뉴질랜드,2021,1.0,0.0,0.0,0.0,석회석류
대 만,2021,11.0,60.0,0.0,0.0,석회석류
독 일,2021,140.0,352.0,1.0,0.0,석회석류
레바논,2021,,,,,석회석류
말레이시아,2021,0.0,0.0,0.0,0.0,석회석류
멕시코,2021,0.0,0.0,0.0,0.0,석회석류
모 로 코,2021,130.0,582.0,0.0,0.0,석회석류
모잠비크,2021,,,,,석회석류
몽 골,2021,0.0,0.0,9.0,69.0,석회석류
미 국,2021,466.0,1207.0,12.0,65.0,석회석류
미얀마,2021,0.0,0.0,1.0,0.0,석회석류
방글라데시,2021,,,,,석회석류
베 트 남,2021,13864.0,472123.0,13.0,66.0,석회석류
브 라 질,2021,0.0,0.0,5.0,1.0,석회석류
스 웨 덴,2021,,,,,석회석류
스위스,2021,,,,,석회석류
스 페 인,2021,48.0,166.0,0.0,0.0,석회석류
싱가포르,2021,0.0,0.0,1.0,0.0,석회석류
UAE,2021,0.0,0.0,0.0,0.0,석회석류
영 국,2021,2.0,3.0,0.0,0.0,석회석류
오 만,2021,622.0,696.0,0.0,0.0,석회석류
우즈베키스탄,2021,0.0,0.0,21.0,210.0,석회석류
이 라 크,2021,,,,,석회석류
이 란,2021,,,,,석회석류
이 집 트,2021,0.0,0.0,0.0,0.0,석회석류
이탈리아,2021,341.0,1081.0,0.0,0.0,석회석류
인 도,2021,1.0,0.0,4.0,1.0,석회석류
인도네시아,2021,1.0,6.0,60.0,168.0,석회석류
일 본,2021,34592.0,1752712.0,7512.0,317548.0,석회석류
중 국,2021,3822.0,45857.0,3387.0,22773.0,석회석류
캄보디아,2021,0.0,0.0,1.0,0.0,석회석류
캐 나 다,2021,0.0,0.0,0.0,0.0,석회석류
태 국,2021,0.0,0.0,3.0,20.0,석회석류
튀니지,2021,,,,,석회석류
튀르키예,2021,152.0,558.0,0.0,0.0,석회석류
파키스탄,2021,5.0,26.0,0.0,0.0,석회석류
포르투갈,2021,0.0,0.0,0.0,0.0,석회석류
프 랑 스,2021,15.0,27.0,0.0,0.0,석회석류
필 리 핀,2021,4066.0,154766.0,6.0,27.0,석회석류
헝가리,2021,,,,,석회석류
호 주,2021,0.0,0.0,35.0,2.0,석회석류
홍콩,2021,0.0,0.0,1.0,7.0,석회석류
과테말라,2022,,,,,석회석류
그 리 스,2022,1123.0,963.0,0.0,0.0,석회석류
남아프리카공화국,2022,0.0,0.0,0.0,0.0,석회석류
네덜란드,2022,0.0,0.0,2.0,0.0,석회석류
노르웨이,2022,253.0,1099.0,0.0,0.0,석회석류
뉴질랜드,2022,,,,,석회석류
대 만,2022,,,,,석회석류
독 일,2022,107.0,237.0,4.0,0.0,석회석류
레바논,2022,0.0,0.0,0.0,0.0,석회석류
말레이시아,2022,0.0,0.0,0.0,0.0,석회석류
멕시코,2022,,,,,석회석류
모 로 코,2022,,,,,석회석류
모잠비크,2022,0.0,0.0,0.0,0.0,석회석류
몽 골,2022,0.0,0.0,4.0,33.0,석회석류
미 국,2022,498.0,1001.0,32.0,48.0,석회석류
미얀마,2022,,,,,석회석류
방글라데시,2022,0.0,0.0,2.0,0.0,석회석류
베 트 남,2022,18551.0,615420.0,32.0,93.0,석회석류
브 라 질,2022,,,,,석회석류
스 웨 덴,2022,0.0,0.0,0.0,0.0,석회석류
스위스,2022,0.0,0.0,2.0,1.0,석회석류
스 페 인,2022,2.0,11.0,0.0,0.0,석회석류
싱가포르,2022,0.0,0.0,1.0,0.0,석회석류
UAE,2022,0.0,0.0,0.0,0.0,석회석류
영 국,2022,17.0,14.0,0.0,0.0,석회석류
오 만,2022,200.0,336.0,0.0,0.0,석회석류
우즈베키스탄,2022,0.0,0.0,10.0,85.0,석회석류
이 라 크,2022,0.0,0.0,1.0,0.0,석회석류
이 란,2022,26.0,124.0,0.0,0.0,석회석류
이 집 트,2022,,,,,석회석류
이탈리아,2022,475.0,1536.0,0.0,0.0,석회석류
인 도,2022,0.0,0.0,0.0,0.0,석회석류
인도네시아,2022,0.0,0.0,42.0,67.0,석회석류
일 본,2022,37284.0,1503042.0,7067.0,301731.0,석회석류
중 국,2022,2381.0,10055.0,633.0,5302.0,석회석류
캄보디아,2022,,,,,석회석류
캐 나 다,2022,0.0,0.0,0.0,0.0,석회석류
태 국,2022,11.0,17.0,0.0,0.0,석회석류
튀니지,2022,6.0,21.0,0.0,0.0,석회석류
튀르키예,2022,0.0,0.0,4.0,6.0,석회석류
파키스탄,2022,57.0,411.0,0.0,0.0,석회석류
포르투갈,2022,,,,,석회석류
프 랑 스,2022,112.0,315.0,0.0,0.0,석회석류
필 리 핀,2022,0.0,0.0,5.0,34.0,석회석류
헝가리,2022,0.0,0.0,12.0,34.0,석회석류
호 주,2022,0.0,0.0,0.0,0.0,석회석류
홍콩,2022,0.0,0.0,0.0,0.0,석회석류
남아프리카공화국,2021,,,,,규석
네덜란드,2021,250.0,1006.0,0.0,0.0,규석
뉴질랜드,2021,,,,,규석
대 만,2021,754.0,881.0,19.0,31.0,규석
덴마크,2021,,,,,규석
독 일,2021,364.0,987.0,0.0,0.0,규석
러시아연방,2021,6.0,3.0,0.0,0.0,규석
마다가스카르,2021,,,,,규석
말레이시아,2021,0.0,0.0,0.0,0.0,규석
몽,2021,,,,,규석
미 국,2021,43.0,27.0,7874.0,19942.0,규석
베 트 남,2021,70.0,440.0,43.0,92.0,규석
벨 기 에,2021,478.0,1827.0,0.0,0.0,규석
브라질,2021,,,,,규석
사우디아라비아,2021,0.0,0.0,0.0,0.0,규석
스리랑카,2021,262.0,1145.0,0.0,0.0,규석
스위스,2021,,,,,규석
스페인,2021,,,,,규석
싱가포르,2021,0.0,0.0,0.0,0.0,규석
영 국,2021,1.0,0.0,0.0,0.0,규석
우크라이나,2021,0.0,0.0,0.0,0.0,규석
이집트,2021,,,,,규석
이탈리아,2021,1.0,0.0,0.0,0.0,규석
인 도,2021,6755.0,57865.0,0.0,0.0,규석
인도네시아,2021,1.0,1.0,0.0,0.0,규석
일 본,2021,63.0,34.0,152.0,2109.0,규석
중 국,2021,25777.0,81945.0,2101.0,3433.0,규석
체코공화국,2021,,,,,규석
캐 나 다,2021,0.0,0.0,0.0,0.0,규석
태 국,2021,0.0,0.0,497.0,1560.0,규석
튀르키예,2021,1304.0,5340.0,2.0,4.0,규석
파키스탄,2021,39.0,384.0,0.0,0.0,규석
페루,2021,,,,,규석
프랑스,2021,1.0,0.0,1.0,0.0,규석
필리핀,2021,,,,,규석
헝가리,2021,,,,,규석
호 주,2021,0.0,0.0,2.0,0.0,규석
홍 콩,2021,0.0,0.0,0.0,0.0,규석
남아프리카공화국,2022,0.0,0.0,0.0,0.0,규석
네덜란드,2022,169.0,684.0,2.0,0.0,규석
뉴질랜드,2022,0.0,0.0,1.0,0.0,규석
대 만,2022,757.0,887.0,26.0,39.0,규석
덴마크,2022,1.0,0.0,0.0,0.0,규석
독 일,2022,522.0,1519.0,0.0,0.0,규석
러시아연방,2022,,,,,규석
마다가스카르,2022,0.0,0.0,0.0,0.0,규석
말레이시아,2022,0.0,0.0,1.0,0.0,규석
몽골,2022,0.0,0.0,0.0,0.0,규석
미 국,2022,586.0,75.0,1850.0,4598.0,규석
베 트 남,2022,28.0,144.0,141.0,241.0,규석
벨 기 에,2022,892.0,3853.0,0.0,0.0,규석
브라질,2022,0.0,0.0,0.0,0.0,규석
사우디아라비아,2022,,,,,규석
스리랑카,2022,416.0,1660.0,0.0,0.0,규석
스위스,2022,0.0,0.0,1.0,0.0,규석
스페인,2022,0.0,0.0,0.0,0.0,규석
싱가포르,2022,0.0,0.0,7.0,13.0,규석
영 국,2022,2.0,0.0,0.0,0.0,규석
우크라이나,2022,,,,,규석
이집트,2022,0.0,0.0,0.0,0.0,규석
이탈리아,2022,7.0,50.0,0.0,1.0,규석
인 도,2022,7854.0,58467.0,0.0,0.0,규석
인도네시아,2022,0.0,0.0,1.0,0.0,규석
일 본,2022,61.0,25.0,281.0,7057.0,규석
중 국,2022,4416.0,16986.0,1391.0,1997.0,규석
체코공화국,2022,0.0,0.0,16.0,48.0,규석
캐 나 다,2022,0.0,0.0,0.0,0.0,규석
태 국,2022,14.0,20.0,527.0,1555.0,규석
튀르키예,2022,2372.0,9360.0,2.0,1.0,규석
파키스탄,2022,125.0,1255.0,0.0,0.0,규석
페루,2022,0.0,0.0,0.0,0.0,규석
프랑스,2022,0.0,0.0,3.0,0.0,규석
필리핀,2022,0.0,0.0,253.0,7678.0,규석
헝가리,2022,0.0,0.0,1.0,3.0,규석
호 주,2022,,,,,규석
홍 콩,2022,0.0,0.0,0.0,0.0,규석
그리스,2021,591.0,659.0,0.0,0.0,마그네사이트
네덜란드,2021,40.0,35.0,0.0,0.0,마그네사이트
대 만,2021,0.0,0.0,189.0,287.0,마그네사이트
독 일,2021,847.0,138.0,43.0,10.0,마그네사이트
러시아연방,2021,25.0,14.0,17.0,0.0,마그네사이트
말레이시아,2021,0.0,0.0,145.0,112.0,마그네사이트
멕시코,2021,0.0,0.0,26.0,7.0,마그네사이트
미 국,2021,1225.0,669.0,17.0,1.0,마그네사이트
베트남,2021,4.0,3.0,128.0,75.0,마그네사이트
불가리아,2021,4.0,0.0,0.0,0.0,마그네사이트
브라질,2021,,,,,마그네사이트
사우디아라비아,2021,162.0,262.0,0.0,0.0,마그네사이트
사이프러스,2021,,,,,마그네사이트
스위스,2021,0.0,0.0,0.0,0.0,마그네사이트
스페인,2021,9.0,0.0,0.0,0.0,마그네사이트
싱가포르,2021,0.0,0.0,10.0,1.0,마그네사이트
UAE,2021,0.0,0.0,13.0,5.0,마그네사이트
영 국,2021,151.0,61.0,0.0,0.0,마그네사이트
오스트리아,2021,0.0,0.0,0.0,0.0,마그네사이트
이스라엘,2021,998.0,456.0,0.0,0.0,마그네사이트
이집트,2021,,,,,마그네사이트
이탈리아,2021,12.0,7.0,0.0,0.0,마그네사이트
인 도,2021,147.0,46.0,46.0,27.0,마그네사이트
인도네시아,2021,0.0,0.0,218.0,177.0,마그네사이트
일 본,2021,9922.0,8403.0,44.0,60.0,마그네사이트
중 국,2021,98537.0,237674.0,158.0,58.0,마그네사이트
체코공화국,2021,0.0,0.0,0.0,0.0,마그네사이트
쿠웨이트,2021,,,,,마그네사이트
태 국,2021,0.0,0.0,0.0,0.0,마그네사이트
튀르키예,2021,45.0,80.0,0.0,0.0,마그네사이트
파키스탄,2021,0.0,0.0,0.0,0.0,마그네사이트
폴란드,2021,0.0,0.0,0.0,0.0,마그네사이트
프랑스,2021,104.0,46.0,0.0,0.0,마그네사이트
필리핀,2021,0.0,0.0,0.0,0.0,마그네사이트
헝가리,2021,0.0,0.0,3.0,2.0,마그네사이트
호주,2021,,,,,마그네사이트
홍 콩,2021,0.0,0.0,4.0,2.0,마그네사이트
그리스,2022,578.0,586.0,0.0,0.0,마그네사이트
네덜란드,2022,400.0,481.0,0.0,0.0,마그네사이트
대 만,2022,0.0,0.0,208.0,365.0,마그네사이트
독 일,2022,571.0,72.0,1.0,0.0,마그네사이트
러시아연방,2022,0.0,0.0,84.0,11.0,마그네사이트
말레이시아,2022,0.0,0.0,72.0,10.0,마그네사이트
멕시코,2022,0.0,0.0,0.0,0.0,마그네사이트
미 국,2022,1042.0,462.0,39.0,17.0,마그네사이트
베트남,2022,1.0,0.0,164.0,92.0,마그네사이트
불가리아,2022,0.0,0.0,0.0,0.0,마그네사이트
브라질,2022,0.0,0.0,0.0,0.0,마그네사이트
사우디아라비아,2022,197.0,225.0,0.0,0.0,마그네사이트
사이프러스,2022,0.0,0.0,0.0,0.0,마그네사이트
스위스,2022,,,,,마그네사이트
스페인,2022,6.0,1.0,0.0,0.0,마그네사이트
싱가포르,2022,0.0,0.0,7.0,0.0,마그네사이트
UAE,2022,0.0,0.0,89.0,22.0,마그네사이트
영 국,2022,244.0,83.0,0.0,0.0,마그네사이트
오스트리아,2022,,,,,마그네사이트
이스라엘,2022,786.0,326.0,0.0,0.0,마그네사이트
이집트,2022,0.0,0.0,0.0,0.0,마그네사이트
이탈리아,2022,45.0,21.0,0.0,0.0,마그네사이트
인 도,2022,63.0,9.0,16.0,6.0,마그네사이트
인도네시아,2022,0.0,0.0,153.0,116.0,마그네사이트
일 본,2022,8655.0,8174.0,0.0,0.0,마그네사이트
중 국,2022,80875.0,197682.0,79.0,34.0,마그네사이트
체코공화국,2022,0.0,0.0,0.0,0.0,마그네사이트
쿠웨이트,2022,0.0,0.0,0.0,0.0,마그네사이트
태 국,2022,,,,,마그네사이트
튀르키예,2022,90.0,120.0,0.0,0.0,마그네사이트
파키스탄,2022,,,,,마그네사이트
폴란드,2022,,,,,마그네사이트
프랑스,2022,148.0,32.0,0.0,0.0,마그네사이트
필리핀,2022,,,,,마그네사이트
헝가리,2022,0.0,0.0,1.0,0.0,마그네사이트
호주,2022,0.0,0.0,0.0,0.0,마그네사이트
홍 콩,2022,0.0,0.0,1.0,1.0,마그네사이트
남아프리카공화국,2021,,,,,무연탄
대만,2021,0.0,0.0,44.0,55.0,무연탄
러시아연방,2021,362847.0,2617288.0,0.0,0.0,무연탄
말레이시아,2021,0.0,0.0,20.0,34.0,무연탄
멕시코,2021,0.0,0.0,4.0,5.0,무연탄
미국,2021,,,,,무연탄
미얀마,2021,0.0,0.0,52.0,214.0,무연탄
베 트 남,2021,35267.0,208280.0,14.0,4.0,무연탄
UAE,2021,0.0,0.0,3.0,13.0,무연탄
영국,2021,,,,,무연탄
인도네시아,2021,0.0,0.0,30.0,10.0,무연탄
일본,2021,1.0,0.0,0.0,0.0,무연탄
중 국,2021,14460.0,67040.0,0.0,0.0,무연탄
체코공화국,2021,,,,,무연탄
캐나다,2021,,,,,무연탄
태 국,2021,0.0,0.0,2.0,2.0,무연탄
페루,2021,8077.0,91680.0,0.0,0.0,무연탄
필 리 핀,2021,0.0,0.0,38.0,92.0,무연탄
호 주,2021,468574.0,3490636.0,0.0,0.0,무연탄
남아프리카공화국,2022,0.0,0.0,0.0,0.0,무연탄
대만,2022,,,,,무연탄
러시아연방,2022,643188.0,2107356.0,0.0,0.0,무연탄
말레이시아,2022,0.0,0.0,35.0,44.0,무연탄
멕시코,2022,0.0,0.0,4.0,3.0,무연탄
미국,2022,0.0,0.0,0.0,0.0,무연탄
미얀마,2022,0.0,0.0,37.0,92.0,무연탄
베 트 남,2022,52308.0,133510.0,9.0,11.0,무연탄
UAE,2022,,,,,무연탄
영국,2022,0.0,0.0,0.0,0.0,무연탄
인도네시아,2022,1.0,0.0,65.0,50.0,무연탄
일본,2022,,,,,무연탄
중 국,2022,60433.0,167591.0,0.0,0.0,무연탄
체코공화국,2022,0.0,0.0,27.0,34.0,무연탄
캐나다,2022,0.0,0.0,0.0,0.0,무연탄
태 국,2022,,,,,무연탄
페루,2022,59128.0,191089.0,0.0,0.0,무연탄
필 리 핀,2022,0.0,0.0,74.0,140.0,무연탄
호 주,2022,845991.0,2784568.0,0.0,0.0,무연탄
남아프리카공화국,2021,358967.0,2872362.0,0.0,0.0,유연탄
네덜란드,2021,0.0,0.0,0.0,0.0,유연탄
뉴질랜드,2021,45819.0,330077.0,0.0,0.0,유연탄
덴마크,2021,12394.0,152289.0,0.0,0.0,유연탄
러시아연방,2021,2203388.0,19336265.0,0.0,0.0,유연탄
말레이시아,2021,,,,,유연탄
모잠비크,2021,222633.0,1263719.0,0.0,0.0,유연탄
몽골,2021,0.0,0.0,0.0,0.0,유연탄
미 국,2021,304217.0,3035614.0,0.0,0.0,유연탄
브라질,2021,,,,,유연탄
사우디아라비아,2021,,,,,유연탄
스위스,2021,,,,,유연탄
싱가포르,2021,0.0,0.0,0.0,0.0,유연탄
UAE,2021,,,,,유연탄
에스토니아,2021,,,,,유연탄
영국,2021,0.0,0.0,0.0,0.0,유연탄
인도,2021,5584.0,85948.0,0.0,0.0,유연탄
인도네시아,2021,1514197.0,18919109.0,0.0,0.0,유연탄
일본,2021,0.0,0.0,0.0,0.0,유연탄
중국,2021,41740.0,248442.0,0.0,0.0,유연탄
카자흐스탄,2021,,,,,유연탄
캐나다,2021,1172955.0,9991706.0,0.0,0.0,유연탄
콜롬비아,2021,285969.0,2793417.0,0.0,0.0,유연탄
튀르키예,2021,0.0,0.0,0.0,0.0,유연탄
페루,2021,,,,,유연탄
필리핀,2021,26734.0,380506.0,0.0,0.0,유연탄
호주,2021,7290879.0,57696256.0,0.0,0.0,유연탄
남아프리카공화국,2022,1344575.0,6055282.0,0.0,0.0,유연탄
네덜란드,2022,0.0,0.0,0.0,0.0,유연탄
뉴질랜드,2022,83844.0,266863.0,0.0,0.0,유연탄
덴마크,2022,,,,,유연탄
러시아연방,2022,5044346.0,24389921.0,0.0,0.0,유연탄
말레이시아,2022,0.0,0.0,0.0,0.0,유연탄
모잠비크,2022,548024.0,1591823.0,0.0,0.0,유연탄
몽골,2022,,,,,유연탄
미 국,2022,881128.0,4612012.0,0.0,0.0,유연탄
브라질,2022,2.0,0.0,0.0,0.0,유연탄
사우디아라비아,2022,16740.0,80000.0,0.0,0.0,유연탄
스위스,2022,20548.0,79148.0,0.0,0.0,유연탄
싱가포르,2022,16303.0,61750.0,0.0,0.0,유연탄
UAE,2022,8669.0,37526.0,0.0,0.0,유연탄
에스토니아,2022,0.0,0.0,0.0,0.0,유연탄
영국,2022,0.0,0.0,0.0,0.0,유연탄
인도,2022,,,,,유연탄
인도네시아,2022,3240179.0,24616912.0,0.0,0.0,유연탄
일본,2022,,,,,유연탄
중국,2022,109612.0,353901.0,0.0,0.0,유연탄
카자흐스탄,2022,0.0,0.0,0.0,0.0,유연탄
캐나다,2022,2623922.0,8627632.0,0.0,0.0,유연탄
콜롬비아,2022,404802.0,1750612.0,0.0,0.0,유연탄
튀르키예,2022,,,,,유연탄
페루,2022,1.0,0.0,0.0,0.0,유연탄
필리핀,2022,283954.0,2028751.0,0.0,0.0,유연탄
호주,2022,11603948.0,43199502.0,0.0,0.0,유연탄
미국,2021,0.0,0.0,0.0,0.0,갈탄
인도,2021,0.0,1.0,0.0,0.0,갈탄
인도네시아,2021,,,,,갈탄
중국,2021,,,,,갈탄
캐나다,2021,0.0,0.0,0.0,0.0,갈탄
호주,2021,26.0,25.0,0.0,0.0,갈탄
미국,2022,14.0,23.0,0.0,0.0,갈탄
인도,2022,,,,,갈탄
인도네시아,2022,0.0,0.0,0.0,0.0,갈탄
중국,2022,5.0,20.0,0.0,0.0,갈탄
캐나다,2022,45.0,63.0,0.0,0.0,갈탄
호주,2022,,,,,갈탄
그리스,2021,22.0,43.0,0.0,0.0,토탄
네덜란드,2021,2073.0,6561.0,0.0,0.0,토탄
네팔,2021,0.0,0.0,0.0,0.0,토탄
덴마크,2021,11.0,21.0,0.0,0.0,토탄
독일,2021,792.0,3109.0,0.0,0.0,토탄
라트비아,2021,15832.0,64260.0,0.0,0.0,토탄
러시아연방,2021,2430.0,26674.0,0.0,0.0,토탄
리투아니아,2021,1292.0,4454.0,0.0,0.0,토탄
말레이시아,2021,,,,,토탄
몽골,2021,,,,,토탄
미국,2021,43.0,43.0,0.0,0.0,토탄
미얀마,2021,0.0,0.0,9.0,18.0,토탄
베트남,2021,0.0,0.0,0.0,1.0,토탄
벨기에,2021,378.0,1033.0,0.0,0.0,토탄
벨라루스,2021,,,,,토탄
스리랑카,2021,0.0,0.0,0.0,0.0,토탄
스웨덴,2021,,,,,토탄
싱가포르,2021,,,,,토탄
UAE,2021,0.0,0.0,0.0,0.0,토탄
아일랜드,2021,,,,,토탄
에스토니아,2021,1889.0,8095.0,0.0,0.0,토탄
우크라이나,2021,5.0,25.0,0.0,0.0,토탄
이탈리아,2021,16.0,25.0,0.0,0.0,토탄
인도,2021,0.0,0.0,2.0,19.0,토탄
인도네시아,2021,,,,,토탄
일본,2021,0.0,0.0,73.0,20.0,토탄
중국,2021,21.0,100.0,0.0,0.0,토탄
캐나다,2021,1421.0,3364.0,0.0,0.0,토탄
폴란드,2021,253.0,747.0,0.0,0.0,토탄
프랑스,2021,,,,,토탄
핀란드,2021,0.0,0.0,0.0,0.0,토탄
호주,2021,2279.0,26500.0,0.0,0.0,토탄
그리스,2022,10.0,24.0,0.0,0.0,토탄
네덜란드,2022,1630.0,4842.0,0.0,0.0,토탄
네팔,2022,0.0,0.0,,,토탄
덴마크,2022,7.0,19.0,0.0,0.0,토탄
독일,2022,187.0,663.0,0.0,0.0,토탄
라트비아,2022,13998.0,56607.0,0.0,0.0,토탄
러시아연방,2022,2543.0,27100.0,0.0,0.0,토탄
리투아니아,2022,1962.0,6136.0,0.0,0.0,토탄
말레이시아,2022,0.0,0.0,0.0,0.0,토탄
몽골,2022,0.0,0.0,8.0,5.0,토탄
미국,2022,46.0,34.0,0.0,0.0,토탄
미얀마,2022,,,,,토탄
베트남,2022,0.0,0.0,0.0,1.0,토탄
벨기에,2022,556.0,1643.0,0.0,0.0,토탄
벨라루스,2022,2.0,20.0,0.0,0.0,토탄
스리랑카,2022,,,,,토탄
스웨덴,2022,114.0,130.0,0.0,0.0,토탄
싱가포르,2022,0.0,0.0,0.0,2.0,토탄
UAE,2022,,,,,토탄
아일랜드,2022,0.0,0.0,0.0,0.0,토탄
에스토니아,2022,1679.0,6745.0,0.0,0.0,토탄
우크라이나,2022,,,,,토탄
이탈리아,2022,10.0,18.0,0.0,0.0,토탄
인도,2022,,,,,토탄
인도네시아,2022,0.0,0.0,6.0,7.0,토탄
일본,2022,36.0,2.0,26.0,7.0,토탄
중국,2022,281.0,1000.0,0.0,0.0,토탄
캐나다,2022,1671.0,2891.0,0.0,0.0,토탄
폴란드,2022,592.0,2310.0,0.0,0.0,토탄
프랑스,2022,0.0,0.0,0.0,0.0,토탄
핀란드,2022,0.0,0.0,0.0,0.0,토탄
호주,2022,,,,,토탄
